Date,Date Factor,Year Factor,Plot,Sample Round,Heat,Volume
6/18/2015,1,1,EC3,1,0,0.490909091
6/18/2015,1,1,EC3,2,0,0.054545455
6/18/2015,1,1,EC3,3,0,0.472727273
6/18/2015,1,1,EC3,4,0,0.2
6/18/2015,1,1,EC3,5,0,0.527272727
6/18/2015,1,1,EC3,6,0,0.163636364
6/18/2015,1,1,EC3,7,0,0.236363636
6/18/2015,1,1,EC3,8,0,0.4
6/18/2015,1,1,EH4,1,1,0.145454545
6/18/2015,1,1,EH4,2,1,0.236363636
6/18/2015,1,1,EH4,3,1,0.072727273
6/18/2015,1,1,EH4,4,1,0.290909091
6/18/2015,1,1,EH4,5,1,0.290909091
6/18/2015,1,1,EH4,6,1,0.309090909
6/18/2015,1,1,EH4,7,1,0.290909091
6/18/2015,1,1,EH4,8,1,0.127272727
6/18/2015,1,1,EH4,9,1,0.272727273
6/18/2015,1,1,EH4,10,1,0.290909091
6/18/2015,1,1,EHSR1,1,1,0.272727273
6/19/2015,2,1,CC6,1,0,0.981818182
6/19/2015,2,1,CC6,2,0,0.818181818
6/19/2015,2,1,CC6,3,0,0.727272727
6/19/2015,2,1,CC6,4,0,0.345454545
6/19/2015,2,1,CC6,5,0,0.436363636
6/19/2015,2,1,CC6,6,0,0.181818182
6/19/2015,2,1,CC6,7,0,0.854545455
6/19/2015,2,1,CC6,8,0,0.872727273
6/19/2015,2,1,CH5,1,1,0.381818182
6/19/2015,2,1,CH5,2,1,0.418181818
6/19/2015,2,1,CH5,3,1,0.436363636
6/19/2015,2,1,CH5,4,1,0.890909091
6/19/2015,2,1,CH5,5,1,0.963636364
6/19/2015,2,1,CH5,6,1,0.636363636
6/19/2015,2,1,CH5,7,1,0.381818182
6/19/2015,2,1,CH5,8,1,0.490909091
6/19/2015,2,1,CH5,9,1,0.290909091
6/19/2015,2,1,CH5,10,1,0.472727273
6/19/2015,2,1,CH5,11,1,0.363636364
6/19/2015,2,1,CHSR8,1,1,0.145454545
6/19/2015,2,1,CHSR8,2,1,0.218181818
6/19/2015,2,1,CHSR8,3,1,0.072727273
6/19/2015,2,1,CSR7,1,0,0.836363636
6/19/2015,2,1,CSR7,2,0,0.654545455
6/19/2015,2,1,CSR7,3,0,0.345454545
6/19/2015,2,1,CSR7,4,0,0.909090909
6/19/2015,2,1,CSR7,5,0,0.945454545
6/19/2015,2,1,CSR7,6,0,1
6/19/2015,2,1,CSR7,7,0,0.863636364
6/19/2015,2,1,CSR7,8,0,0.606060606
6/20/2015,3,1,WC11,1,0,0.363636364
6/20/2015,3,1,WH12,1,1,0.163636364
6/20/2015,3,1,WH12,2,1,0.145454545
6/20/2015,3,1,WH12,3,1,0.145454545
6/20/2015,3,1,WH12,4,1,0.327272727
6/20/2015,3,1,WH12,5,1,0.327272727
6/20/2015,3,1,WH12,6,1,0.363636364
6/20/2015,3,1,WH12,7,1,0.345454545
6/20/2015,3,1,WH12,8,1,0.218181818
6/20/2015,3,1,WH12,9,1,0.163636364
6/20/2015,3,1,WH12,10,1,0.163636364
6/20/2015,3,1,WHSR9,1,1,0.327272727
6/20/2015,3,1,WHSR9,2,1,0.163636364
6/20/2015,3,1,WHSR9,3,1,0.145454545
6/20/2015,3,1,WHSR9,4,1,0.345454545
6/20/2015,3,1,WHSR9,5,1,0.218181818
6/20/2015,3,1,WHSR9,6,1,0.163636364
6/20/2015,3,1,WHSR9,7,1,0.218181818
6/20/2015,3,1,WHSR9,8,1,0.290909091
6/20/2015,3,1,WSR10,1,0,0.327272727
6/20/2015,3,1,WSR10,2,0,0.418181818
6/20/2015,3,1,WSR10,3,0,0.381818182
6/20/2015,3,1,WSR10,4,0,0.745454545
6/20/2015,3,1,WSR10,5,0,0.381818182
6/20/2015,3,1,WSR10,6,0,0.527272727
6/20/2015,3,1,WSR10,7,0,0.327272727
6/20/2015,3,1,WSR10,8,0,0.290909091
6/20/2015,3,1,WSR10,9,0,0.454545455
6/20/2015,3,1,WSR10,10,0,0.218181818
6/20/2015,3,1,WSR10,11,0,0.654545455
6/21/2015,4,1,EC3,9,0,0.490909091
6/21/2015,4,1,EC3,10,0,0.309090909
6/21/2015,4,1,EC3,11,0,0.527272727
6/21/2015,4,1,EC3,12,0,0.272727273
6/21/2015,4,1,EC3,13,0,0.527272727
6/21/2015,4,1,EC3,14,0,0.345454545
6/21/2015,4,1,EC3,15,0,0.6
6/21/2015,4,1,EC3,16,0,0.381818182
6/21/2015,4,1,EC3,17,0,0.236363636
6/21/2015,4,1,EC3,18,0,0.109090909
6/21/2015,4,1,EH4,11,1,0.2
6/21/2015,4,1,EH4,12,1,0.254545455
6/21/2015,4,1,EH4,13,1,0.2
6/21/2015,4,1,EH4,14,1,0.709090909
6/21/2015,4,1,EH4,15,1,0.090909091
6/21/2015,4,1,EH4,16,1,0.254545455
6/21/2015,4,1,EH4,17,1,0.4
6/21/2015,4,1,EH4,18,1,0.181818182
6/21/2015,4,1,EH4,19,1,0.181818182
6/21/2015,4,1,EH4,20,1,0.181818182
6/21/2015,4,1,EH4,21,1,0.163636364
6/21/2015,4,1,EH4,22,1,0.345454545
6/21/2015,4,1,EHSR1,2,1,0.2
6/21/2015,4,1,EHSR1,3,1,0.127272727
6/21/2015,4,1,EHSR1,4,1,0.309090909
6/21/2015,4,1,EHSR1,5,1,0.218181818
6/21/2015,4,1,EHSR1,6,1,0.163636364
6/21/2015,4,1,EHSR1,7,1,0.672727273
6/21/2015,4,1,ESR2,1,0,0.363636364
6/21/2015,4,1,ESR2,2,0,0.181818182
6/21/2015,4,1,ESR2,3,0,0.545454545
6/21/2015,4,1,ESR2,4,0,0.218181818
6/21/2015,4,1,ESR2,5,0,0.454545455
6/21/2015,4,1,ESR2,6,0,0.327272727
6/21/2015,4,1,ESR2,7,0,0.272727273
6/21/2015,4,1,ESR2,8,0,0.436363636
6/21/2015,4,1,ESR2,9,0,0.4
6/22/2015,5,1,CC6,9,0,0.690909091
6/22/2015,5,1,CC6,10,0,0.672727273
6/22/2015,5,1,CC6,11,0,0.636363636
6/22/2015,5,1,CC6,12,0,0.345454545
6/22/2015,5,1,CC6,13,0,0.418181818
6/22/2015,5,1,CC6,14,0,0.963636364
6/22/2015,5,1,CC6,15,0,0.490909091
6/22/2015,5,1,CC6,16,0,0.109090909
6/22/2015,5,1,CC6,17,0,0.218181818
6/22/2015,5,1,CC6,18,0,0.145454545
6/22/2015,5,1,CH5,12,1,0.627272727
6/22/2015,5,1,CH5,13,1,0.363636364
6/22/2015,5,1,CH5,14,1,0.654545455
6/22/2015,5,1,CH5,15,1,0.490909091
6/22/2015,5,1,CH5,16,1,0.672727273
6/22/2015,5,1,CH5,17,1,0.327272727
6/22/2015,5,1,CH5,18,1,0.163636364
6/22/2015,5,1,CH5,19,1,0.436363636
6/22/2015,5,1,CH5,20,1,0.363636364
6/22/2015,5,1,CH5,21,1,0.454545455
6/22/2015,5,1,CH5,22,1,0.454545455
6/22/2015,5,1,CH5,23,1,0.272727273
6/22/2015,5,1,CHSR8,4,1,0.672727273
6/22/2015,5,1,CHSR8,5,1,0.418181818
6/22/2015,5,1,CHSR8,6,1,0.490909091
6/22/2015,5,1,CHSR8,7,1,0.254545455
6/22/2015,5,1,CHSR8,8,1,0.581818182
6/22/2015,5,1,CHSR8,9,1,0.309090909
6/22/2015,5,1,CHSR8,10,1,0.345454545
6/22/2015,5,1,CHSR8,11,1,0.363636364
6/22/2015,5,1,CHSR8,12,1,0.654545455
6/22/2015,5,1,CHSR8,13,1,0.490909091
6/22/2015,5,1,CSR7,9,0,0.327272727
6/22/2015,5,1,CSR7,10,0,0.381818182
6/22/2015,5,1,CSR7,11,0,0.654545455
6/22/2015,5,1,CSR7,12,0,0.454545455
6/22/2015,5,1,CSR7,13,0,0.545454545
6/22/2015,5,1,CSR7,14,0,0.927272727
6/22/2015,5,1,CSR7,15,0,1
6/22/2015,5,1,CSR7,16,0,0.272727273
6/22/2015,5,1,CSR7,17,0,0.327272727
6/22/2015,5,1,CSR7,18,0,0.290909091
6/23/2015,6,1,WC11,2,0,0.181818182
6/23/2015,6,1,WC11,3,0,0.672727273
6/23/2015,6,1,WC11,4,0,0.527272727
6/23/2015,6,1,WC11,5,0,0.509090909
6/23/2015,6,1,WC11,6,0,0.236363636
6/23/2015,6,1,WC11,7,0,0.218181818
6/23/2015,6,1,WC11,8,0,0.290909091
6/23/2015,6,1,WC11,9,0,0.4
6/23/2015,6,1,WC11,10,0,0.363636364
6/23/2015,6,1,WH12,11,1,0.272727273
6/23/2015,6,1,WH12,12,1,0.327272727
6/23/2015,6,1,WH12,13,1,0.2
6/23/2015,6,1,WH12,14,1,0.472727273
6/23/2015,6,1,WH12,15,1,0.581818182
6/23/2015,6,1,WH12,16,1,0.327272727
6/23/2015,6,1,WH12,17,1,0.236363636
6/23/2015,6,1,WH12,18,1,0.490909091
6/23/2015,6,1,WH12,19,1,0.418181818
6/23/2015,6,1,WH12,20,1,0.545454545
6/23/2015,6,1,WH12,21,1,0.218181818
6/23/2015,6,1,WH12,22,1,0.163636364
6/23/2015,6,1,WHSR9,9,1,0.745454545
6/23/2015,6,1,WHSR9,10,1,0.6
6/23/2015,6,1,WHSR9,11,1,0.472727273
6/23/2015,6,1,WHSR9,12,1,0.636363636
6/23/2015,6,1,WHSR9,13,1,0.563636364
6/23/2015,6,1,WHSR9,14,1,0.636363636
6/23/2015,6,1,WHSR9,15,1,0.436363636
6/23/2015,6,1,WHSR9,16,1,0.327272727
6/23/2015,6,1,WHSR9,17,1,0.545454545
6/23/2015,6,1,WHSR9,18,1,0.381818182
6/23/2015,6,1,WHSR9,19,1,0.4
6/23/2015,6,1,WHSR9,20,1,0.490909091
6/23/2015,6,1,WSR10,12,0,0.527272727
6/23/2015,6,1,WSR10,13,0,0.545454545
6/23/2015,6,1,WSR10,14,0,0.672727273
6/23/2015,6,1,WSR10,15,0,0.527272727
6/23/2015,6,1,WSR10,16,0,0.545454545
6/23/2015,6,1,WSR10,17,0,0.345454545
6/23/2015,6,1,WSR10,18,0,0.345454545
6/23/2015,6,1,WSR10,19,0,0.527272727
6/23/2015,6,1,WSR10,20,0,0.4
6/23/2015,6,1,WSR10,21,0,0.454545455
6/23/2015,6,1,WSR10,22,0,0.327272727
6/23/2015,6,1,WSR10,23,0,0.418181818
6/24/2015,7,1,EC3,19,0,0.509090909
6/24/2015,7,1,EC3,20,0,0.527272727
6/24/2015,7,1,EC3,21,0,0.581818182
6/24/2015,7,1,EC3,22,0,0.727272727
6/24/2015,7,1,EC3,23,0,0.672727273
6/24/2015,7,1,EC3,24,0,0.636363636
6/24/2015,7,1,EC3,25,0,0.581818182
6/24/2015,7,1,EC3,26,0,0.745454545
6/24/2015,7,1,EC3,27,0,0.472727273
6/24/2015,7,1,EC3,28,0,0.818181818
6/24/2015,7,1,EC3,29,0,0.436363636
6/24/2015,7,1,EC3,30,0,0.981818182
6/24/2015,7,1,EH4,23,1,0.345454545
6/24/2015,7,1,EH4,24,1,0.345454545
6/24/2015,7,1,EH4,25,1,0.272727273
6/24/2015,7,1,EH4,26,1,0.527272727
6/24/2015,7,1,EH4,27,1,0.363636364
6/24/2015,7,1,EH4,28,1,0.254545455
6/24/2015,7,1,EH4,29,1,0.181818182
6/24/2015,7,1,EH4,30,1,0.072727273
6/24/2015,7,1,EH4,31,1,0.218181818
6/24/2015,7,1,EH4,32,1,0.345454545
6/24/2015,7,1,EH4,33,1,0.363636364
6/24/2015,7,1,EH4,34,1,0.072727273
6/24/2015,7,1,EHSR1,8,1,0.8
6/24/2015,7,1,EHSR1,9,1,0.272727273
6/24/2015,7,1,EHSR1,10,1,0.327272727
6/24/2015,7,1,EHSR1,11,1,0.781818182
6/24/2015,7,1,EHSR1,12,1,0.418181818
6/24/2015,7,1,EHSR1,13,1,0.6
6/24/2015,7,1,ESR2,10,0,0.290909091
6/24/2015,7,1,ESR2,11,0,0.4
6/24/2015,7,1,ESR2,12,0,0.545454545
6/24/2015,7,1,ESR2,13,0,0.618181818
6/24/2015,7,1,ESR2,14,0,0.545454545
6/24/2015,7,1,ESR2,15,0,0.563636364
6/24/2015,7,1,ESR2,16,0,0.436363636
6/24/2015,7,1,ESR2,17,0,0.581818182
6/25/2015,8,1,CC6,19,0,0.163636364
6/25/2015,8,1,CC6,20,0,0.181818182
6/25/2015,8,1,CC6,21,0,0.036363636
6/25/2015,8,1,CC6,22,0,0.163636364
6/25/2015,8,1,CC6,23,0,0.145454545
6/25/2015,8,1,CC6,24,0,0.127272727
6/25/2015,8,1,CC6,25,0,0.254545455
6/25/2015,8,1,CC6,26,0,0.218181818
6/25/2015,8,1,CH5,24,1,0.090909091
6/25/2015,8,1,CH5,25,1,0.345454545
6/25/2015,8,1,CH5,26,1,0.327272727
6/25/2015,8,1,CH5,27,1,0.363636364
6/25/2015,8,1,CH5,28,1,0.218181818
6/25/2015,8,1,CH5,29,1,0.290909091
6/25/2015,8,1,CH5,30,1,0.290909091
6/25/2015,8,1,CH5,31,1,0.218181818
6/25/2015,8,1,CHSR8,14,1,0.163636364
6/25/2015,8,1,CHSR8,15,1,0.254545455
6/25/2015,8,1,CHSR8,16,1,0.2
6/25/2015,8,1,CHSR8,17,1,0.2
6/25/2015,8,1,CHSR8,18,1,0.2
6/25/2015,8,1,CHSR8,19,1,0.363636364
6/25/2015,8,1,CHSR8,20,1,0.4
6/25/2015,8,1,CSR7,19,0,0.145454545
6/25/2015,8,1,CSR7,20,0,0.045454545
6/25/2015,8,1,CSR7,21,0,0.509090909
6/25/2015,8,1,CSR7,22,0,0.181818182
6/25/2015,8,1,CSR7,23,0,0.4
6/25/2015,8,1,CSR7,24,0,0.472727273
6/25/2015,8,1,CSR7,25,0,0.581818182
6/25/2015,8,1,CSR7,26,0,0.363636364
6/26/2015,9,1,WC11,11,0,0.381818182
6/26/2015,9,1,WC11,12,0,0.6
6/26/2015,9,1,WC11,13,0,0.818181818
6/26/2015,9,1,WC11,14,0,0.454545455
6/26/2015,9,1,WC11,15,0,0.509090909
6/26/2015,9,1,WC11,16,0,0.290909091
6/26/2015,9,1,WC11,17,0,0.436363636
6/26/2015,9,1,WC11,18,0,0.709090909
6/26/2015,9,1,WH12,23,1,0.218181818
6/26/2015,9,1,WH12,24,1,0.218181818
6/26/2015,9,1,WH12,25,1,0.381818182
6/26/2015,9,1,WH12,26,1,0.272727273
6/26/2015,9,1,WH12,27,1,0.163636364
6/26/2015,9,1,WH12,28,1,0.436363636
6/26/2015,9,1,WH12,29,1,0.363636364
6/26/2015,9,1,WH12,30,1,0.145454545
6/26/2015,9,1,WHSR9,21,1,0.327272727
6/26/2015,9,1,WHSR9,22,1,0.381818182
6/26/2015,9,1,WHSR9,23,1,0.236363636
6/26/2015,9,1,WHSR9,24,1,0.509090909
6/26/2015,9,1,WHSR9,25,1,0.345454545
6/26/2015,9,1,WHSR9,26,1,0.509090909
6/26/2015,9,1,WHSR9,27,1,0.290909091
6/26/2015,9,1,WHSR9,28,1,0.545454545
6/26/2015,9,1,WSR10,24,0,0.727272727
6/26/2015,9,1,WSR10,25,0,0.618181818
6/26/2015,9,1,WSR10,26,0,0.854545455
6/26/2015,9,1,WSR10,27,0,0.872727273
6/26/2015,9,1,WSR10,28,0,0.945454545
6/26/2015,9,1,WSR10,29,0,0.818181818
6/27/2015,10,1,EC3,31,0,0.6
6/27/2015,10,1,EC3,32,0,0.763636364
6/27/2015,10,1,EC3,33,0,0.563636364
6/27/2015,10,1,EC3,34,0,0.727272727
6/27/2015,10,1,EC3,35,0,0.381818182
6/27/2015,10,1,EC3,36,0,0.872727273
6/27/2015,10,1,EC3,37,0,0.472727273
6/27/2015,10,1,EC3,38,0,0.054545455
6/27/2015,10,1,EH4,35,1,0.327272727
6/27/2015,10,1,EH4,36,1,0.145454545
6/27/2015,10,1,EH4,37,1,0.327272727
6/27/2015,10,1,EH4,38,1,0.127272727
6/27/2015,10,1,EH4,39,1,0.181818182
6/27/2015,10,1,EH4,40,1,0.236363636
6/27/2015,10,1,EH4,41,1,0.4
6/27/2015,10,1,EH4,42,1,0.018181818
6/27/2015,10,1,EHSR1,14,1,0.709090909
6/27/2015,10,1,EHSR1,15,1,0.436363636
6/27/2015,10,1,EHSR1,16,1,0.454545455
6/27/2015,10,1,ESR2,18,0,0.254545455
6/27/2015,10,1,ESR2,19,0,0.290909091
6/27/2015,10,1,ESR2,20,0,0.127272727
6/27/2015,10,1,ESR2,21,0,0.345454545
6/27/2015,10,1,ESR2,22,0,0.218181818
6/27/2015,10,1,ESR2,23,0,0.472727273
6/28/2015,11,1,CC6,27,0,0.265625
6/28/2015,11,1,CC6,28,0,0.3125
6/28/2015,11,1,CC6,29,0,0.125
6/28/2015,11,1,CC6,30,0,0.25
6/28/2015,11,1,CC6,31,0,0.0625
6/28/2015,11,1,CC6,32,0,0.125
6/28/2015,11,1,CC6,33,0,0.203125
6/28/2015,11,1,CC6,34,0,0.40625
6/28/2015,11,1,CH5,32,1,0.1875
6/28/2015,11,1,CH5,33,1,0.0625
6/28/2015,11,1,CH5,34,1,0.09375
6/28/2015,11,1,CH5,35,1,0.140625
6/28/2015,11,1,CH5,36,1,0.1875
6/28/2015,11,1,CH5,37,1,0.078125
6/28/2015,11,1,CH5,38,1,0.171875
6/28/2015,11,1,CH5,39,1,0.21875
6/28/2015,11,1,CHSR8,21,1,0.2
6/28/2015,11,1,CHSR8,22,1,0.163636364
6/28/2015,11,1,CHSR8,23,1,0.127272727
6/28/2015,11,1,CHSR8,24,1,0.236363636
6/28/2015,11,1,CHSR8,25,1,0.290909091
6/28/2015,11,1,CHSR8,26,1,0.2
6/28/2015,11,1,CHSR8,27,1,0.218181818
6/28/2015,11,1,CSR7,27,0,0.254545455
6/28/2015,11,1,CSR7,28,0,0.163636364
6/28/2015,11,1,CSR7,29,0,0.672727273
6/28/2015,11,1,CSR7,30,0,0.490909091
6/28/2015,11,1,CSR7,31,0,0.4
6/28/2015,11,1,CSR7,32,0,0.581818182
6/28/2015,11,1,CSR7,33,0,0.328125
6/28/2015,11,1,CSR7,34,0,0.5
6/29/2015,12,1,WC11,19,0,0.453125
6/29/2015,12,1,WC11,20,0,0.4375
6/29/2015,12,1,WC11,21,0,0.296875
6/29/2015,12,1,WC11,22,0,0.4375
6/29/2015,12,1,WC11,23,0,0.40625
6/29/2015,12,1,WC11,24,0,0.484375
6/29/2015,12,1,WH12,31,1,0.46875
6/29/2015,12,1,WH12,32,1,0.125
6/29/2015,12,1,WH12,33,1,0.421875
6/29/2015,12,1,WH12,34,1,0.234375
6/29/2015,12,1,WH12,35,1,0.484375
6/29/2015,12,1,WH12,36,1,0.296875
6/29/2015,12,1,WH12,37,1,0.125
6/29/2015,12,1,WHSR9,29,1,0.1875
6/29/2015,12,1,WHSR9,30,1,0.09375
6/29/2015,12,1,WHSR9,31,1,0.1875
6/29/2015,12,1,WHSR9,32,1,0.125
6/29/2015,12,1,WSR10,30,0,0.109375
6/29/2015,12,1,WSR10,31,0,0.140625
6/29/2015,12,1,WSR10,32,0,0.296875
6/29/2015,12,1,WSR10,33,0,0.15625
6/29/2015,12,1,WSR10,34,0,0.046875
6/30/2015,13,1,WC11,25,0,1.9375
6/30/2015,13,1,WC11,26,0,0.875
6/30/2015,13,1,WC11,27,0,0.78125
6/30/2015,13,1,WC11,28,0,1.96875
6/30/2015,13,1,WC11,29,0,1.8125
6/30/2015,13,1,WC11,30,0,1.6875
6/30/2015,13,1,WC11,31,0,1.875
6/30/2015,13,1,WC11,32,0,1.1875
6/30/2015,13,1,WH12,38,1,0.875
6/30/2015,13,1,WH12,39,1,1.21875
6/30/2015,13,1,WH12,40,1,1.9375
6/30/2015,13,1,WH12,41,1,0.3125
6/30/2015,13,1,WH12,42,1,1.53125
6/30/2015,13,1,WH12,43,1,1
6/30/2015,13,1,WH12,44,1,0.125
6/30/2015,13,1,WHSR9,33,1,0.71875
6/30/2015,13,1,WHSR9,34,1,1.59375
6/30/2015,13,1,WHSR9,35,1,1.5
6/30/2015,13,1,WHSR9,36,1,1.0625
6/30/2015,13,1,WHSR9,37,1,0.6875
6/30/2015,13,1,WHSR9,38,1,0.09375
6/30/2015,13,1,WHSR9,39,1,0.0625
6/30/2015,13,1,WSR10,35,0,0.5
6/30/2015,13,1,WSR10,36,0,0.447916667
6/30/2015,13,1,WSR10,37,0,0.4453125
6/30/2015,13,1,WSR10,38,0,0.49375
6/30/2015,13,1,WSR10,39,0,1.5625
6/30/2015,13,1,WSR10,40,0,1.8125
6/30/2015,13,1,WSR10,41,0,1.9375
6/30/2015,13,1,WSR10,42,0,1.15625
6/30/2015,13,1,WSR10,43,0,0.0625
6/30/2015,13,1,WSR10,44,0,1.515625
6/30/2015,13,1,WSR10,45,0,1.65625
6/30/2015,13,1,WSR10,46,0,0.125
6/30/2015,13,1,WSR10,47,0,0.53125
6/23/2016,14,2,CC6,48,0,0.045454545
6/23/2016,14,2,CC6,49,0,0.090909091
6/23/2016,14,2,CC6,50,0,0.045454545
6/23/2016,14,2,CC6,51,0,0.151515152
6/23/2016,14,2,CC6,52,0,0.136363636
6/23/2016,14,2,CC6,53,0,0.060606061
6/23/2016,14,2,CC6,54,0,0.151515152
6/23/2016,14,2,CC6,55,0,0.03030303
6/23/2016,14,2,CH5,48,1,0.166666667
6/23/2016,14,2,CH5,49,1,0.106060606
6/23/2016,14,2,CH5,50,1,0.090909091
6/23/2016,14,2,CH5,51,1,0.121212121
6/23/2016,14,2,CH5,52,1,0.03030303
6/23/2016,14,2,CH5,53,1,0.090909091
6/23/2016,14,2,CH5,54,1,0.075757576
6/23/2016,14,2,CHSR8,48,1,0.060606061
6/23/2016,14,2,CHSR8,49,1,0.060606061
6/23/2016,14,2,CHSR8,50,1,0.060606061
6/23/2016,14,2,CSR7,48,0,0.015151515
6/23/2016,14,2,CSR7,49,0,0.03030303
6/23/2016,14,2,CSR7,50,0,0.166666667
6/23/2016,14,2,CSR7,51,0,0.242424242
6/23/2016,14,2,EC3,48,0,0.03030303
6/23/2016,14,2,EC3,49,0,0.075757576
6/23/2016,14,2,EC3,50,0,0.015151515
6/23/2016,14,2,EC3,51,0,0.136363636
6/23/2016,14,2,EC3,52,0,0.106060606
6/23/2016,14,2,EC3,53,0,0.045454545
6/23/2016,14,2,EH4,48,1,0.106060606
6/23/2016,14,2,EH4,49,1,0.106060606
6/23/2016,14,2,EH4,50,1,0.106060606
6/23/2016,14,2,EH4,51,1,0.075757576
6/23/2016,14,2,EH4,52,1,0.075757576
6/23/2016,14,2,EH4,53,1,0.075757576
6/23/2016,14,2,EHSR1,48,1,0.045454545
6/23/2016,14,2,EHSR1,49,1,0.045454545
6/23/2016,14,2,EHSR1,50,1,0.090909091
6/23/2016,14,2,ESR2,48,0,0.060606061
6/23/2016,14,2,ESR2,49,0,0.196969697
6/23/2016,14,2,ESR2,50,0,0.075757576
6/23/2016,14,2,ESR2,51,0,0.106060606
6/23/2016,14,2,ESR2,52,0,0.015151515
6/23/2016,14,2,WC11,48,0,0.090909091
6/23/2016,14,2,WH12,48,1,0.151515152
6/23/2016,14,2,WH12,49,1,0.03030303
6/23/2016,14,2,WH12,50,1,0.151515152
6/23/2016,14,2,WH12,51,1,0.196969697
6/23/2016,14,2,WH12,52,1,0.227272727
6/23/2016,14,2,WH12,53,1,0.121212121
6/23/2016,14,2,WH12,54,1,0.121212121
6/23/2016,14,2,WHSR9,48,1,0.136363636
6/23/2016,14,2,WHSR9,49,1,0.03030303
6/23/2016,14,2,WHSR9,50,1,0.121212121
6/23/2016,14,2,WHSR9,51,1,0.106060606
6/23/2016,14,2,WHSR9,52,1,0.106060606
6/23/2016,14,2,WHSR9,53,1,0.106060606
6/23/2016,14,2,WHSR9,54,1,0.166666667
6/23/2016,14,2,WSR10,48,0,0.015151515
6/23/2016,14,2,WSR10,49,0,0.106060606
6/23/2016,14,2,WSR10,50,0,0.045454545
6/23/2016,14,2,WSR10,51,0,0.136363636
6/23/2016,14,2,WSR10,52,0,0.090909091
6/23/2016,14,2,WSR10,53,0,0.136363636
6/23/2016,14,2,WSR10,54,0,0.090909091
6/23/2016,14,2,WSR10,55,0,0.181818182
6/24/2016,15,2,CC6,56,0,0.121212121
6/24/2016,15,2,CC6,57,0,0.090909091
6/24/2016,15,2,CC6,58,0,0.121212121
6/24/2016,15,2,CC6,59,0,0.106060606
6/24/2016,15,2,CC6,60,0,0.090909091
6/24/2016,15,2,CC6,61,0,0.090909091
6/24/2016,15,2,CH5,55,1,0.106060606
6/24/2016,15,2,CH5,56,1,0.090909091
6/24/2016,15,2,CH5,57,1,0.045454545
6/24/2016,15,2,CH5,58,1,0.151515152
6/24/2016,15,2,CH5,59,1,0.075757576
6/24/2016,15,2,CH5,60,1,0.03030303
6/24/2016,15,2,CH5,61,1,0.090909091
6/24/2016,15,2,CHSR8,51,1,0.045454545
6/24/2016,15,2,CHSR8,52,1,0.045454545
6/24/2016,15,2,CHSR8,53,1,0.090909091
6/24/2016,15,2,CSR7,52,0,0.106060606
6/24/2016,15,2,CSR7,53,0,0.439393939
6/24/2016,15,2,CSR7,54,0,0.045454545
6/24/2016,15,2,CSR7,55,0,0.015151515
6/24/2016,15,2,CSR7,56,0,0.075757576
6/24/2016,15,2,CSR7,57,0,0.03030303
6/24/2016,15,2,CSR7,58,0,0.136363636
6/24/2016,15,2,EC3,54,0,0.121212121
6/24/2016,15,2,EC3,55,0,0.015151515
6/24/2016,15,2,EC3,56,0,0.136363636
6/24/2016,15,2,EC3,57,0,0.181818182
6/24/2016,15,2,EC3,58,0,0.060606061
6/24/2016,15,2,EC3,59,0,0.121212121
6/24/2016,15,2,EH4,54,1,0.060606061
6/24/2016,15,2,EH4,55,1,0.075757576
6/24/2016,15,2,EH4,56,1,0.075757576
6/24/2016,15,2,EH4,57,1,0.090909091
6/24/2016,15,2,EH4,58,1,0.075757576
6/24/2016,15,2,EH4,59,1,0.015151515
6/24/2016,15,2,EHSR1,51,1,0.03030303
6/24/2016,15,2,EHSR1,52,1,0.090909091
6/24/2016,15,2,EHSR1,53,1,0.060606061
6/24/2016,15,2,EHSR1,54,1,0.075757576
6/24/2016,15,2,ESR2,53,0,0.015151515
6/24/2016,15,2,ESR2,54,0,0.106060606
6/24/2016,15,2,ESR2,55,0,0.121212121
6/24/2016,15,2,ESR2,56,0,0.106060606
6/24/2016,15,2,WC11,49,0,0.090909091
6/24/2016,15,2,WC11,50,0,0.060606061
6/24/2016,15,2,WC11,51,0,0.121212121
6/24/2016,15,2,WC11,52,0,0.015151515
6/24/2016,15,2,WH12,55,1,0.106060606
6/24/2016,15,2,WH12,56,1,0.075757576
6/24/2016,15,2,WH12,57,1,0.106060606
6/24/2016,15,2,WH12,58,1,0.121212121
6/24/2016,15,2,WH12,59,1,0.090909091
6/24/2016,15,2,WH12,60,1,0.075757576
6/24/2016,15,2,WH12,61,1,0.106060606
6/24/2016,15,2,WH12,62,1,0.060606061
6/24/2016,15,2,WHSR9,55,1,0.196969697
6/24/2016,15,2,WHSR9,56,1,0.090909091
6/24/2016,15,2,WHSR9,57,1,0.136363636
6/24/2016,15,2,WHSR9,58,1,0.166666667
6/24/2016,15,2,WHSR9,59,1,0.121212121
6/24/2016,15,2,WHSR9,60,1,0.166666667
6/24/2016,15,2,WHSR9,61,1,0.015151515
6/24/2016,15,2,WSR10,56,0,0.075757576
6/24/2016,15,2,WSR10,57,0,0.075757576
6/24/2016,15,2,WSR10,58,0,0.045454545
6/24/2016,15,2,WSR10,59,0,0.075757576
6/24/2016,15,2,WSR10,60,0,0.106060606
6/24/2016,15,2,WSR10,61,0,0.106060606
6/24/2016,15,2,WSR10,62,0,0.075757576
6/24/2016,15,2,WSR10,63,0,0.075757576
6/25/2016,16,2,CC6,62,0,0.121212121
6/25/2016,16,2,CC6,63,0,0.121212121
6/25/2016,16,2,CC6,64,0,0.121212121
6/25/2016,16,2,CC6,65,0,0.060606061
6/25/2016,16,2,CC6,66,0,0.075757576
6/25/2016,16,2,CC6,67,0,0.045454545
6/25/2016,16,2,CC6,68,0,0.121212121
6/25/2016,16,2,CH5,62,1,0.196969697
6/25/2016,16,2,CH5,63,1,0.136363636
6/25/2016,16,2,CH5,64,1,0.060606061
6/25/2016,16,2,CH5,65,1,0.015151515
6/25/2016,16,2,CH5,66,1,0.045454545
6/25/2016,16,2,CH5,67,1,0.015151515
6/25/2016,16,2,CHSR8,54,1,0.060606061
6/25/2016,16,2,CHSR8,55,1,0.090909091
6/25/2016,16,2,CHSR8,56,1,0.060606061
6/25/2016,16,2,CHSR8,57,1,0.045454545
6/25/2016,16,2,CSR7,59,0,0.045454545
6/25/2016,16,2,CSR7,60,0,0.212121212
6/25/2016,16,2,CSR7,61,0,0.015151515
6/25/2016,16,2,CSR7,62,0,0.287878788
6/25/2016,16,2,CSR7,63,0,0.060606061
6/25/2016,16,2,CSR7,64,0,0.045454545
6/25/2016,16,2,EC3,60,0,0.060606061
6/25/2016,16,2,EC3,61,0,0.015151515
6/25/2016,16,2,EC3,62,0,0.015151515
6/25/2016,16,2,EC3,63,0,0.181818182
6/25/2016,16,2,EH4,60,1,0.015151515
6/25/2016,16,2,EH4,61,1,0.015151515
6/25/2016,16,2,EH4,62,1,0.060606061
6/25/2016,16,2,EH4,63,1,0.060606061
6/25/2016,16,2,EH4,64,1,0.060606061
6/25/2016,16,2,EHSR1,55,1,0.090909091
6/25/2016,16,2,EHSR1,56,1,0.060606061
6/25/2016,16,2,ESR2,57,0,0.060606061
6/25/2016,16,2,ESR2,58,0,0.045454545
6/25/2016,16,2,ESR2,59,0,0.015151515
6/25/2016,16,2,WC11,53,0,0.075757576
6/25/2016,16,2,WC11,54,0,0.015151515
6/25/2016,16,2,WH12,63,1,0.060606061
6/25/2016,16,2,WH12,64,1,0.03030303
6/25/2016,16,2,WH12,65,1,0.045454545
6/25/2016,16,2,WH12,66,1,0.015151515
6/25/2016,16,2,WH12,67,1,0.121212121
6/25/2016,16,2,WHSR9,62,1,0.045454545
6/25/2016,16,2,WHSR9,63,1,0.03030303
6/25/2016,16,2,WHSR9,64,1,0.106060606
6/25/2016,16,2,WHSR9,65,1,0.03030303
6/25/2016,16,2,WHSR9,66,1,0.045454545
6/25/2016,16,2,WHSR9,67,1,0.045454545
6/25/2016,16,2,WSR10,64,0,0.090909091
6/25/2016,16,2,WSR10,65,0,0.045454545
6/25/2016,16,2,WSR10,66,0,0.015151515
6/25/2016,16,2,WSR10,67,0,0.075757576
6/25/2016,16,2,WSR10,68,0,0.045454545
6/25/2016,16,2,WSR10,69,0,0.121212121
6/25/2016,16,2,WSR10,70,0,0.045454545
6/25/2016,16,2,WSR10,71,0,0.015151515
6/26/2016,17,2,CC6,69,0,0.03030303
6/26/2016,17,2,CC6,70,0,0.090909091
6/26/2016,17,2,CC6,71,0,0.045454545
6/26/2016,17,2,CC6,72,0,0.136363636
6/26/2016,17,2,CC6,73,0,0.106060606
6/26/2016,17,2,CC6,74,0,0.166666667
6/26/2016,17,2,CC6,75,0,0.060606061
6/26/2016,17,2,CC6,76,0,0.106060606
6/26/2016,17,2,CHSR8,58,1,0.090909091
6/26/2016,17,2,CHSR8,59,1,0.03030303
6/26/2016,17,2,CHSR8,60,1,0.106060606
6/26/2016,17,2,CHSR8,61,1,0.196969697
6/26/2016,17,2,CHSR8,62,1,0.090909091
6/26/2016,17,2,CHSR8,63,1,0.106060606
6/26/2016,17,2,CSR7,65,0,0.075757576
6/26/2016,17,2,CSR7,66,0,0.181818182
6/26/2016,17,2,CSR7,67,0,0.090909091
6/26/2016,17,2,CSR7,68,0,0.060606061
6/26/2016,17,2,CSR7,69,0,0.03030303
6/26/2016,17,2,EC3,64,0,0.03030303
6/26/2016,17,2,EC3,65,0,0.015151515
6/26/2016,17,2,EC3,66,0,0.015151515
6/26/2016,17,2,EHSR1,57,1,0.060606061
6/26/2016,17,2,EHSR1,58,1,0.121212121
6/26/2016,17,2,ESR2,60,0,0.045454545
6/26/2016,17,2,ESR2,61,0,0.045454545
6/26/2016,17,2,ESR2,62,0,0.03030303
6/26/2016,17,2,WC11,55,0,0.121212121
6/26/2016,17,2,WC11,56,0,0.106060606
6/26/2016,17,2,WH12,68,1,0.106060606
6/26/2016,17,2,WH12,69,1,0.015151515
6/26/2016,17,2,WH12,70,1,0.015151515
6/26/2016,17,2,WH12,71,1,0.060606061
6/26/2016,17,2,WH12,72,1,0.060606061
6/26/2016,17,2,WH12,73,1,0.045454545
6/26/2016,17,2,WHSR9,68,1,0.166666667
6/26/2016,17,2,WHSR9,69,1,0.121212121
6/26/2016,17,2,WHSR9,70,1,0.060606061
6/26/2016,17,2,WHSR9,71,1,0.090909091
6/26/2016,17,2,WHSR9,72,1,0.090909091
6/26/2016,17,2,WHSR9,73,1,0.287878788
6/26/2016,17,2,WHSR9,74,1,0.166666667
6/26/2016,17,2,WHSR9,75,1,0.045454545
6/26/2016,17,2,WSR10,72,0,0.060606061
6/26/2016,17,2,WSR10,73,0,0.075757576
6/26/2016,17,2,WSR10,74,0,0.037878788
6/26/2016,17,2,WSR10,75,0,0.060606061
6/26/2016,17,2,WSR10,76,0,0.106060606
6/26/2016,17,2,WSR10,77,0,0.045454545
6/26/2016,17,2,WSR10,78,0,0.166666667
6/26/2016,17,2,WSR10,79,0,0.090909091
6/27/2016,18,2,CC6,77,0,0.060606061
6/27/2016,18,2,CC6,78,0,0.075757576
6/27/2016,18,2,CC6,79,0,0.075757576
6/27/2016,18,2,CC6,80,0,0.045454545
6/27/2016,18,2,CC6,81,0,0.090909091
6/27/2016,18,2,CH5,68,1,0.090909091
6/27/2016,18,2,CH5,69,1,0.090909091
6/27/2016,18,2,CH5,70,1,0.045454545
6/27/2016,18,2,CH5,71,1,0.03030303
6/27/2016,18,2,CHSR8,64,1,0.015151515
6/27/2016,18,2,CHSR8,65,1,0.090909091
6/27/2016,18,2,CHSR8,66,1,0.181818182
6/27/2016,18,2,CHSR8,67,1,0.136363636
6/27/2016,18,2,CSR7,70,0,0.075757576
6/27/2016,18,2,CSR7,71,0,0.121212121
6/27/2016,18,2,CSR7,72,0,0.272727273
6/27/2016,18,2,CSR7,73,0,0.166666667
6/27/2016,18,2,EC3,67,0,0.015151515
6/27/2016,18,2,EC3,68,0,0.03030303
6/27/2016,18,2,EC3,69,0,0.060606061
6/27/2016,18,2,EH4,65,1,0.060606061
6/27/2016,18,2,EH4,66,1,0.045454545
6/27/2016,18,2,EH4,67,1,0.166666667
6/27/2016,18,2,EH4,68,1,0.060606061
6/27/2016,18,2,EHSR1,59,1,0.045454545
6/27/2016,18,2,EHSR1,60,1,0.136363636
6/27/2016,18,2,EHSR1,61,1,0.045454545
6/27/2016,18,2,ESR2,63,0,0.075757576
6/27/2016,18,2,ESR2,64,0,0.166666667
6/27/2016,18,2,ESR2,65,0,0.075757576
6/27/2016,18,2,ESR2,66,0,0.136363636
6/27/2016,18,2,WC11,57,0,0.136363636
6/27/2016,18,2,WC11,58,0,0.03030303
6/27/2016,18,2,WC11,59,0,0.090909091
6/27/2016,18,2,WC11,60,0,0.106060606
6/27/2016,18,2,WH12,74,1,0.045454545
6/27/2016,18,2,WH12,75,1,0.075757576
6/27/2016,18,2,WH12,76,1,0.060606061
6/27/2016,18,2,WH12,77,1,0.060606061
6/27/2016,18,2,WH12,78,1,0.060606061
6/27/2016,18,2,WH12,79,1,0.03030303
6/27/2016,18,2,WH12,80,1,0.090909091
6/27/2016,18,2,WHSR9,76,1,0.151515152
6/27/2016,18,2,WHSR9,77,1,0.136363636
6/27/2016,18,2,WHSR9,78,1,0.075757576
6/27/2016,18,2,WHSR9,79,1,0.151515152
6/27/2016,18,2,WHSR9,80,1,0.045454545
6/27/2016,18,2,WHSR9,81,1,0.075757576
6/27/2016,18,2,WHSR9,82,1,0.121212121
6/27/2016,18,2,WSR10,80,0,0.060606061
6/27/2016,18,2,WSR10,81,0,0.045454545
6/27/2016,18,2,WSR10,82,0,0.045454545
6/27/2016,18,2,WSR10,83,0,0.136363636
6/27/2016,18,2,WSR10,84,0,0.121212121
6/27/2016,18,2,WSR10,85,0,0.060606061
6/27/2016,18,2,WSR10,86,0,0.060606061
6/29/2016,19,2,CC6,82,0,0.106060606
6/29/2016,19,2,CC6,83,0,0.060606061
6/29/2016,19,2,CC6,84,0,0.151515152
6/29/2016,19,2,CC6,85,0,0.348484848
6/29/2016,19,2,CC6,86,0,0.121212121
6/29/2016,19,2,CC6,87,0,0.151515152
6/29/2016,19,2,CH5,72,1,0.090909091
6/29/2016,19,2,CH5,73,1,0.151515152
6/29/2016,19,2,CH5,74,1,0.015151515
6/29/2016,19,2,CH5,75,1,0.03030303
6/29/2016,19,2,CH5,76,1,0.060606061
6/29/2016,19,2,CH5,77,1,0.045454545
6/29/2016,19,2,CHSR8,68,1,0.060606061
6/29/2016,19,2,CHSR8,69,1,0.045454545
6/29/2016,19,2,CHSR8,70,1,0.060606061
6/29/2016,19,2,CHSR8,71,1,0.045454545
6/29/2016,19,2,CSR7,74,0,0.242424242
6/29/2016,19,2,CSR7,75,0,0.166666667
6/29/2016,19,2,EC3,70,0,0.060606061
6/29/2016,19,2,EC3,71,0,0.03030303
6/29/2016,19,2,EH4,69,1,0.075757576
6/29/2016,19,2,EH4,70,1,0.045454545
6/29/2016,19,2,EH4,71,1,0.03030303
6/29/2016,19,2,EHSR1,62,1,0.045454545
6/29/2016,19,2,EHSR1,63,1,0.060606061
6/29/2016,19,2,ESR2,67,0,0.060606061
6/29/2016,19,2,ESR2,68,0,0.075757576
6/29/2016,19,2,ESR2,69,0,0.075757576
6/29/2016,19,2,ESR2,70,0,0.106060606
6/29/2016,19,2,WC11,61,0,0.075757576
6/29/2016,19,2,WC11,62,0,0.151515152
6/29/2016,19,2,WC11,63,0,0.136363636
6/29/2016,19,2,WC11,64,0,0.121212121
6/29/2016,19,2,WC11,65,0,0.060606061
6/29/2016,19,2,WC11,66,0,0.045454545
6/29/2016,19,2,WH12,81,1,0.03030303
6/29/2016,19,2,WH12,82,1,0.015151515
6/29/2016,19,2,WH12,83,1,0.090909091
6/29/2016,19,2,WH12,84,1,0.015151515
6/29/2016,19,2,WH12,85,1,0.045454545
6/29/2016,19,2,WH12,86,1,0.151515152
6/29/2016,19,2,WH12,87,1,0.106060606
6/29/2016,19,2,WHSR9,83,1,0.090909091
6/29/2016,19,2,WHSR9,84,1,0.045454545
6/29/2016,19,2,WHSR9,85,1,0.075757576
6/29/2016,19,2,WHSR9,86,1,0.151515152
6/29/2016,19,2,WHSR9,87,1,0.060606061
6/29/2016,19,2,WSR10,87,0,0.075757576
6/29/2016,19,2,WSR10,88,0,0.060606061
6/29/2016,19,2,WSR10,89,0,0.106060606
6/29/2016,19,2,WSR10,90,0,0.075757576
6/29/2016,19,2,WSR10,91,0,0.136363636
6/29/2016,19,2,WSR10,92,0,0.045454545
6/29/2016,19,2,WSR10,93,0,0.060606061
6/30/2016,20,2,CSR7,76,0,0.060606061
6/30/2016,20,2,CSR7,77,0,0.136363636
6/30/2016,20,2,EH4,72,1,0.015151515
6/30/2016,20,2,EHSR1,64,1,0.015151515
6/30/2016,20,2,EHSR1,65,1,0.090909091
6/30/2016,20,2,EHSR1,66,1,0.03030303
6/30/2016,20,2,ESR2,71,0,0.03030303
6/30/2016,20,2,WC11,67,0,0.03030303
6/30/2016,20,2,WC11,68,0,0.060606061
6/30/2016,20,2,WC11,69,0,0.015151515
6/30/2016,20,2,WH12,88,1,0.03030303
6/30/2016,20,2,WH12,89,1,0.075757576
6/30/2016,20,2,WHSR9,88,1,0.121212121
6/30/2016,20,2,WHSR9,89,1,0.03030303
6/30/2016,20,2,WHSR9,90,1,0.015151515
6/30/2016,20,2,WHSR9,91,1,0.015151515
6/30/2016,20,2,WHSR9,92,1,0.03030303
6/30/2016,20,2,WSR10,94,0,0.015151515
6/30/2016,20,2,WSR10,95,0,0.106060606
6/30/2016,20,2,WSR10,96,0,0.015151515
6/30/2016,20,2,WSR10,97,0,0.121212121
6/30/2016,20,2,WSR10,98,0,0.136363636
